{
  "description": "项目配置文件",
  "packOptions": {
    "ignore": []
  },
  "cloudfunctionRoot": "cloud-functions/",
  "miniprogramRoot": "miniprogram/",
  "compileType": "miniprogram",
  "projectname": "miniprogram-1",
  "setting": {
    "urlCheck": false,
    "es6": true,
    "enhance": true,
    "postcss": true,
    "preloadBackgroundData": false,
    "minified": true,
    "newFeature": false,
    "coverView": true,
    "nodeModules": false,
    "autoAudits": false,
    "showShadowRootInWxmlPanel": true,
    "scopeDataCheck": false,
    "uglifyFileName": false,
    "checkInvalidKey": true,
    "checkSiteMap": true,
    "uploadWithSourceMap": true,
    "compileHotReLoad": true,
    "lazyloadPlaceholderEnable": false,
    "useMultiFrameRuntime": true,
    "useApiHook": true,
    "useApiHostProcess": true,
    "babelSetting": {
      "ignore": [],
      "disablePlugins": [],
      "outputPath": ""
    },
    "useIsolateContext": true,
    "userConfirmedBundleSwitch": false,
    "packNpmManually": false,
    "packNpmRelationList": [],
    "minifyWXSS": true,
    "disableUseStrict": false,
    "minifyWXML": true,
    "showES6CompileOption": false,
    "useCompilerPlugins": [
      "sass"
    ],
    "ignoreUploadUnusedFiles": true
  },
  "simulatorType": "wechat",
  "simulatorPluginLibVersion": {},
  "appid": "wx4b7a472272dbe4ba",
  "libVersion": "2.24.0",
  "cloudfunctionTemplateRoot": "cloudfunctionTemplate",
  "condition": {}
}