{
  "setting": {},
  "condition": {
    "plugin": {
      "list": []
    },
    "game": {
      "list": []
    },
    "gamePlugin": {
      "list": []
    },
    "miniprogram": {
      "list": [
        {
          "name": "登录页面",
          "pathName": "pages/login/index",
          "query": "",
          "launchMode": "default",
          "scene": null
        },
        {
          "name": "我的",
          "pathName": "pages/me/index",
          "query": "",
          "launchMode": "default",
          "scene": null
        },
        {
          "name": "门店列表",
          "pathName": "pages/store/index",
          "query": "",
          "launchMode": "default",
          "scene": null
        },
        {
          "name": "菜单页面",
          "pathName": "pages/menu/index",
          "query": "storeId=bb4c2515626159f000d0dbbd38f1b42a",
          "scene": null,
          "launchMode": "default"
        }
      ]
    }
  }
}