[{"_id":"6d85a2b962656c68000978b628c79739","code":"privacy","content":"<p style=\"text-align:center;\"><span style=\"font-size:64px\">隐私政策</span></p><p><span style=\"font-size:16px\">的所发生的发多少范德萨发生大打发斯蒂芬sdfsdf是的发送到反倒是反倒是fsdf是的</span></p><p><span style=\"font-size:16px\">的沙发斯蒂芬十大fsdsfsdafsdafsd 的所发生的发多少范德萨发生大打发斯蒂芬sdfsdf是的发送到反倒是反倒是fsdf是的</span></p><p><span style=\"font-size:16px\">的沙发斯蒂芬十大fsdsfsdafsdafsd 的所发生的发多少范德萨发生大打发斯蒂芬sdfsdf是的发送到反倒是反倒是fsdf是的</span></p><p><span style=\"font-size:16px\">的沙发斯蒂芬十大fsdsfsdafsdafsd 的所发生的发多少范德萨发生大打发斯蒂芬sdfsdf是的发送到反倒是反倒是fsdf是的</span></p><p><span style=\"font-size:16px\">的沙发斯蒂芬十大fsdsfsdafsdafsd 的所发生的发多少范德萨发生大打发斯蒂芬sdfsdf是的发送到反倒是反倒是fsdf是的</span></p><p><span style=\"font-size:16px\">的沙发斯蒂芬十大fsdsfsdafsdafsd 的所发生的发多少范德萨发生大打发斯蒂芬sdfsdf是的发送到反倒是反倒是fsdf是的</span></p><p><span style=\"font-size:16px\">的沙发斯蒂芬十大fsdsfsdafsdafsd 的所发生的发多少范德萨发生大打发斯蒂芬sdfsdf是的发送到反倒是反倒是fsdf是的</span></p><p><span style=\"font-size:16px\">的沙发斯蒂芬十大fsdsfsdafsdafsd 的所发生的发多少范德萨发生大打发斯蒂芬sdfsdf是的发送到反倒是反倒是fsdf是的</span></p><p><span style=\"font-size:16px\">的沙发斯蒂芬十大fsdsfsdafsdafsd </span></p>","title":"隐私政策","created_time":1650814056404,"updated_time":1650814056404},{"_id":"6d85a2b962657449000a0dda04ceb90c","code":"agreement","content":"<p style=\"text-align:center;\"><span style=\"font-size:56px\">用户服务协议</span></p><p></p><p><span style=\"font-size:64px\"><span style=\"font-size:14px\">第三方达是非得第三方达是非得失第三方达是非得失第三方达是非得失第三方达是非得失第三方达是非得失第三方达是非得失第三方达是非得失第三方达是非得失第三方达是非得失第三方达是非得失第三方达是非得失第三方达是非得失第三方达是非得失失</span></span></p><p><span style=\"font-size:64px\"><span style=\"font-size:14px\">第三方达是非得第三方达是非得失第三方达是非得失第三方达是非得失第三方达是非得失第三方达是非得失第三方达是非得失第三方达是非得失第三方达是非得失第三方达是非得失第三方达是非得失第三方达是非得失第三方达是非得失第三方达是非得失失第三方达是非得第三方达是非得失第三方达是非得失第三方达是非得失第三方达是非得失第三方达是非得失第三方达是非得失第三方达是非得失第三方达是非得失第三方达是非得失第三方达是非得失第三方达是非得失第三方达是非得失第三方达是非得失失第三方达是非得第三方达是非得失第三方达是非得失第三方达是非得失第三方达是非得失第三方达是非得失第三方达是非得失第三方达是非得失第三方达是非得失第三方达是非得失第三方达是非得失第三方达是非得失第三方达是非得失第三方达是非得失失第三方达是非得第三方达是非得失第三方达是非得失第三方达是非得失第三方达是非得失第三方达是非得失第三方达是非得失第三方达是非得失第三方达是非得失第三方达是非得失第三方达是非得失第三方达是非得失第三方达是非得失第三方达是非得失失第三方达是非得第三方达是非得失第三方达是非得失第三方达是非得失第三方达是非得失第三方达是非得失第三方达是非得失第三方达是非得失第三方达是非得失第三方达是非得失第三方达是非得失第三方达是非得失第三方达是非得失第三方达是非得失失第三方达是非得第三方达是非得失第三方达是非得失第三方达是非得失第三方达是非得失第三方达是非得失第三方达是非得失第三方达是非得失第三方达是非得失第三方达是非得失第三方达是非得失第三方达是非得失第三方达是非得失第三方达是非得失失第三方达是非得第三方达是非得失第三方达是非得失第三方达是非得失第三方达是非得失第三方达是非得失第三方达是非得失第三方达是非得失第三方达是非得失第三方达是非得失第三方达是非得失第三方达是非得失第三方达是非得失第三方达是非得失失第三方达是非得第三方达是非得失第三方达是非得失第三方达是非得失第三方达是非得失第三方达是非得失第三方达是非得失第三方达是非得失第三方达是非得失第三方达是非得失第三方达是非得失第三方达是非得失第三方达是非得失第三方达是非得失失</span></span></p>","title":"用户服务协议","created_time":1650816073311,"updated_time":1650816118042},{"_id":"f6e08a64626574c30007e0064bf12dd4","code":"xuke","content":"<p style=\"text-align:center;\"><span style=\"font-size:48px\">经营信息公示</span></p><p></p><p><span style=\"font-size:14px\">的范德萨发生的的范德萨发生的的范德萨发生的的范德萨发生的的范德萨发生的的范德萨发生的的范德萨发生的的范德萨发生的的范德萨发生的的范德萨发生的的范德萨发生的的范德萨发生的的范德萨发生的的范德萨发生的的范德萨发生的的范德萨发生的的范德萨发生的的范德萨发生的的范德萨发生的的范德萨发生的的范德萨发生的的范德萨发生的的范德萨发生的的范德萨发生的的范德萨发生的</span></p><p></p><p><span style=\"font-size:14px\">的范德萨发生的的范德萨发生的的范德萨发生的的范德萨发生的的范德萨发生的的范德萨发生的的范德萨发生的的范德萨发生的的范德萨发生的的范德萨发生的的范德萨发生的的范德萨发生的的范德萨发生的的范德萨发生的的范德萨发生的的范德萨发生的的范德萨发生的的范德萨发生的的范德萨发生的的范德萨发生的的范德萨发生的的范德萨发生的的范德萨发生的的范德萨发生的的范德萨发生的</span></p><p></p><p><span style=\"font-size:14px\">的范德萨发生的的范德萨发生的的范德萨发生的的范德萨发生的的范德萨发生的的范德萨发生的的范德萨发生的的范德萨发生的的范德萨发生的的范德萨发生的的范德萨发生的的范德萨发生的的范德萨发生的的范德萨发生的的范德萨发生的的范德萨发生的的范德萨发生的的范德萨发生的的范德萨发生的的范德萨发生的的范德萨发生的的范德萨发生的的范德萨发生的的范德萨发生的的范德萨发生的</span></p><p></p><p><span style=\"font-size:14px\">的范德萨发生的的范德萨发生的的范德萨发生的的范德萨发生的的范德萨发生的的范德萨发生的的范德萨发生的的范德萨发生的的范德萨发生的的范德萨发生的的范德萨发生的的范德萨发生的的范德萨发生的的范德萨发生的的范德萨发生的的范德萨发生的的范德萨发生的的范德萨发生的的范德萨发生的的范德萨发生的的范德萨发生的的范德萨发生的的范德萨发生的的范德萨发生的的范德萨发生的</span></p>","title":"经营信息公示","created_time":1650816195121,"updated_time":1650816195121}]