[{"fields":[{"dateFormatType":"timestamp-ms","description":"CMS 系统字段，请勿随意修改。通过 CMS 系统录入的数据会默认添加该字段","displayName":"创建时间","id":"_createTime","isSystem":true,"name":"create_time","type":"DateTime"},{"dateFormatType":"timestamp-ms","description":"CMS 系统字段，请勿随意修改。通过 CMS 系统录入的数据会默认添加该字段","displayName":"修改时间","id":"_updateTime","isSystem":true,"name":"update_time","type":"DateTime"},{"displayName":"轮播图","id":"5tp1l95kmhg1om2a2zb6p1lan3rih905","isRequired":true,"name":"imageUri","order":2,"resourceLinkType":"https","type":"Image"},{"copyable":true,"description":"CMS 系统字段，请勿随意修改","displayName":"文档 ID","id":"_id","isHidden":true,"isSystem":true,"name":"_id","type":"String"},{"defaultValue":"url","displayName":"跳转类型","enumElementType":"string","enumElements":[{"label":"网址","value":"url"},{"label":"产品","value":"product"}],"id":"evpspb1rawndofn3scpdgr1r349hauvr","isRequired":true,"name":"type","order":4,"type":"Enum"},{"displayName":"目标","id":"o4uh6g1h7x8s5a30onjx7jt5z9w6oear","isRequired":true,"name":"target","order":5,"type":"String"}],"collectionName":"mx_swiper","displayName":"轮播图","_id":"79aca08362558b49001e4b4d55355b05"},{"fields":[{"dateFormatType":"timestamp-ms","description":"CMS 系统字段，请勿随意修改。通过 CMS 系统录入的数据会默认添加该字段","displayName":"创建时间","id":"_createTime","isSystem":true,"name":"created_time","type":"DateTime"},{"dateFormatType":"timestamp-ms","description":"CMS 系统字段，请勿随意修改。通过 CMS 系统录入的数据会默认添加该字段","displayName":"修改时间","id":"_updateTime","isSystem":true,"name":"updated_time","type":"DateTime"},{"displayName":"门店名称","id":"01f5nd8r08ecxiyqfvuj52xejt05wnbw","isRequired":true,"name":"name","order":2,"type":"String"},{"copyable":true,"description":"CMS 系统字段，请勿随意修改","displayName":"文档 ID","id":"_id","isHidden":true,"isSystem":true,"name":"_id","type":"String"},{"defaultValue":"CLOSED","displayName":"开店状态","enumElementType":"string","enumElements":[{"label":"已关店","value":"CLOSED"},{"label":"营业中","value":"OPENING"}],"id":"9t3yc11b3ukiz75rly26daj33q0fosm0","isRequired":true,"name":"status","order":6,"type":"Enum"},{"defaultValue":"09:00 ~ 22:00","displayName":"营业时间","id":"vjmn351hh3iqn4j1s9grts3hggi27jac","isRequired":true,"name":"opening_time","order":7,"type":"String"},{"displayName":"门店地址","id":"dh8ml4krga9ea85tmow3798z0tkqf1o8","isRequired":true,"name":"address","order":8,"type":"String"},{"displayName":"联系电话","id":"5inb4nntiwh3yn2i7f35wxk7fnnislpa","name":"phone","order":7,"type":"Tel"}],"collectionName":"store","displayName":"门店","_id":"b47ffc5762600a9c008c02a22742ce73"},{"fields":[{"dateFormatType":"timestamp-ms","description":"CMS 系统字段，请勿随意修改。通过 CMS 系统录入的数据会默认添加该字段","displayName":"创建时间","id":"_createTime","isSystem":true,"name":"created_time","type":"DateTime"},{"dateFormatType":"timestamp-ms","description":"CMS 系统字段，请勿随意修改。通过 CMS 系统录入的数据会默认添加该字段","displayName":"修改时间","id":"_updateTime","isSystem":true,"name":"updated_time","type":"DateTime"},{"displayName":"手机号码","id":"brlud6y1xliiri1ladnkykjfyioo78an","isRequired":true,"name":"phone_number","order":2,"type":"Tel"},{"copyable":true,"description":"CMS 系统字段，请勿随意修改","displayName":"文档 ID","id":"_id","isHidden":true,"isSystem":true,"name":"_id","type":"String"}],"collectionName":"user","displayName":"客户","_id":"8f75309d6265525d0005ed0f3ab46ae7"},{"fields":[{"dateFormatType":"timestamp-ms","description":"CMS 系统字段，请勿随意修改。通过 CMS 系统录入的数据会默认添加该字段","displayName":"创建时间","id":"_createTime","isSystem":true,"name":"created_time","type":"DateTime"},{"dateFormatType":"timestamp-ms","description":"CMS 系统字段，请勿随意修改。通过 CMS 系统录入的数据会默认添加该字段","displayName":"修改时间","id":"_updateTime","isSystem":true,"name":"updated_time","type":"DateTime"},{"displayName":"唯一标识","id":"ayv6csbmlqqkqpp0mi3ch4x61c4brlpo","isRequired":true,"name":"code","order":2,"type":"String"},{"copyable":true,"description":"CMS 系统字段，请勿随意修改","displayName":"文档 ID","id":"_id","isHidden":true,"isSystem":true,"name":"_id","type":"String"},{"displayName":"标题","id":"kjr7rm5kogbyc7cyzkrsidh27ku0aff9","isRequired":true,"name":"title","order":4,"type":"String"},{"displayName":"内容","id":"3q30vljs37e709w9n4lrpwmmkfdv6pbd","isRequired":true,"name":"content","order":5,"type":"RichText"}],"collectionName":"page","displayName":"自定义页面","_id":"6d85a2b962656bc7000970a567a06c36"},{"fields":[{"dateFormatType":"timestamp-ms","description":"CMS 系统字段，请勿随意修改。通过 CMS 系统录入的数据会默认添加该字段","displayName":"创建时间","id":"_createTime","isSystem":true,"name":"created_time","type":"DateTime"},{"dateFormatType":"timestamp-ms","description":"CMS 系统字段，请勿随意修改。通过 CMS 系统录入的数据会默认添加该字段","displayName":"修改时间","id":"_updateTime","isSystem":true,"name":"updated_time","type":"DateTime"},{"displayName":"名称","id":"2k84m1twyn1e4sdaapa1asoaavk93m1b","isRequired":true,"name":"name","order":2,"type":"String"},{"copyable":true,"description":"CMS 系统字段，请勿随意修改","displayName":"文档 ID","id":"_id","isHidden":true,"isSystem":true,"name":"_id","type":"String"},{"displayName":"描述","id":"1c5gswb95smjo2xh79jxi8qezc3h687i","name":"description","order":4,"type":"MultiLineString"},{"displayName":"商品图片","id":"q59c40cm0lg3ok181jx4g133bogv4yhi","name":"cover","order":5,"resourceLinkType":"https","type":"Image"},{"displayName":"价格","id":"chgebc7kuz74ddyrixfktqgu8tlprpv8","isRequired":true,"min":0,"name":"price","order":6,"type":"Number"},{"connectField":"label","connectMany":true,"connectResource":"6d85a2b9626e979c012e591e122a1ff4","displayName":"规格分类","id":"2iiny2pkjw1nnpi1ebp1x8yqca4csx4h","name":"specs_categories","order":7,"type":"Connect"},{"connectField":"name","connectResource":"6d85a2b9626e9931012e7d0543b22e4d","displayName":"商品分类","id":"qmpnw8rapki5ke4vaoizl78lzcdbt2m9","isRequired":true,"name":"category","order":9,"type":"Connect"}],"collectionName":"goods","displayName":"商品","_id":"0ab5303b626e96410109601a1270f75c"},{"fields":[{"dateFormatType":"timestamp-ms","description":"CMS 系统字段，请勿随意修改。通过 CMS 系统录入的数据会默认添加该字段","displayName":"创建时间","id":"_createTime","isSystem":true,"name":"created_time","type":"DateTime"},{"dateFormatType":"timestamp-ms","description":"CMS 系统字段，请勿随意修改。通过 CMS 系统录入的数据会默认添加该字段","displayName":"修改时间","id":"_updateTime","isSystem":true,"name":"updated_time","type":"DateTime"},{"displayName":"标识","id":"pvrjy8gpwwpkoqv7ph0xf6tvo222rajd","isRequired":true,"name":"label","order":2,"type":"String"},{"copyable":true,"description":"CMS 系统字段，请勿随意修改","displayName":"文档 ID","id":"_id","isHidden":true,"isSystem":true,"name":"_id","type":"String"},{"defaultValue":1,"displayName":"最大可选规格数","id":"qw2qet1bc4k7xpmas1j7cjxihds910m1","isRequired":true,"max":null,"min":1,"name":"maxUnit","order":4,"type":"Number"},{"connectField":"label","connectMany":true,"connectResource":"16db756f626e97b400c7cfda0537900b","displayName":"规格","id":"rhemq77hlob4opk14t1aiwavjowvlzla","name":"specs","order":5,"type":"Connect"}],"collectionName":"specs_category","displayName":"规格分类","_id":"6d85a2b9626e979c012e591e122a1ff4"},{"fields":[{"dateFormatType":"timestamp-ms","description":"CMS 系统字段，请勿随意修改。通过 CMS 系统录入的数据会默认添加该字段","displayName":"创建时间","id":"_createTime","isSystem":true,"name":"created_time","type":"DateTime"},{"dateFormatType":"timestamp-ms","description":"CMS 系统字段，请勿随意修改。通过 CMS 系统录入的数据会默认添加该字段","displayName":"修改时间","id":"_updateTime","isSystem":true,"name":"updated_time","type":"DateTime"},{"displayName":"标识","id":"lxnx0qxibxgumpjjaa0j41cmto38eoae","isRequired":true,"name":"label","order":2,"type":"String"},{"copyable":true,"description":"CMS 系统字段，请勿随意修改","displayName":"文档 ID","id":"_id","isHidden":true,"isSystem":true,"name":"_id","type":"String"},{"defaultValue":0,"displayName":"价格","id":"1pdvytn9d455w52bi1dpo3i371stnjwq","isRequired":true,"min":0,"name":"price","order":5,"type":"Number"}],"collectionName":"specs","displayName":"规格","_id":"16db756f626e97b400c7cfda0537900b"},{"fields":[{"dateFormatType":"timestamp-ms","description":"CMS 系统字段，请勿随意修改。通过 CMS 系统录入的数据会默认添加该字段","displayName":"创建时间","id":"_createTime","isSystem":true,"name":"created_time","type":"DateTime"},{"dateFormatType":"timestamp-ms","description":"CMS 系统字段，请勿随意修改。通过 CMS 系统录入的数据会默认添加该字段","displayName":"修改时间","id":"_updateTime","isSystem":true,"name":"updated_time","type":"DateTime"},{"displayName":"名称","id":"nricr4vjdapguk5c5vbqku4hkix7ah0a","isRequired":true,"name":"name","order":2,"type":"String"},{"copyable":true,"description":"CMS 系统字段，请勿随意修改","displayName":"文档 ID","id":"_id","isHidden":true,"isSystem":true,"name":"_id","type":"String"},{"displayName":"图标","id":"d32jocnymr7f36lxqwmajpqgi4qjzmia","isRequired":true,"name":"icon","order":4,"resourceLinkType":"https","type":"Image"}],"collectionName":"goods_category","displayName":"商品分类","_id":"6d85a2b9626e9931012e7d0543b22e4d"}]