[{"_id":"5464a29462600fa20190669907ce36e9","address":"潘水路191号","name":"蜜雪冰城（潘水店）","opening_time":"09:00 ~ 22:00","status":"OPENING","created_time":1650462626301,"updated_time":1650545901063,"location":{"coordinates":[120.264275,30.184871],"type":"Point"}},{"_id":"1fee1e97626010d101283343646f60ba","address":"金惠路398号","name":"蜜雪冰城（金惠路店）","opening_time":"09:00 ~ 22:00","status":"CLOSED","created_time":1650462929469,"updated_time":1650462929469,"location":{"coordinates":[120.266911,30.185693],"type":"Point"}},{"_id":"bb4c2515626159f000d0dbbd38f1b42a","address":"莫干山路73号","name":"蜜雪冰城（莫干山路店）","opening_time":"09:00 ~ 22:00","status":"OPENING","created_time":1650547183998,"updated_time":1650552833763,"location":{"coordinates":[120.153917,30.273996],"type":"Point"},"phone":"18989864117"}]